Nom de la commune,Population municipale,proportion de vote pour le parti A, Latitude , Longitude 
Allouville-Bellefosse,1165,0.441,49.6,0.683333
Alvimare,634,0.546,49.6,0.633333
Ambrumesnil,496,0.442,49.866667,1
Amfreville-la-Mi-Voie,3221,0.538,49.4,1.116667
Amfreville-les-Champs,180,0.565,49.7,0.816667
Anceaumeville,669,0.478,49.583333,1.05
Ancourt,685,0.604,49.9,1.183333
Ancretteville-sur-Mer,184,0.503,49.783333,0.516667
Angerville-Bailleul,197,0.615,49.666667,0.45
Angerville-la-Martel,960,0.372,49.766667,0.5
Angerville-l'Orcher,1441,0.493,49.583333,0.283333
Angiens,536,0.471,49.833333,0.783333
Anglesqueville-l'Esneval,525,0.543,49.633333,0.233333
Anneville-sur-Scie,442,0.576,49.833333,1.083333
Anneville-Ambourville,1211,0.553,49.466667,0.883333
Annouville-Vilmesnil,527,0.545,49.683333,0.433333
Anquetierville,354,0.514,49.533333,0.633333
Anvéville,293,0.365,49.7,0.733333
Ardouval,167,0.475,49.75,1.266667
Argueil,333,0.532,49.533333,1.516667
Arques-la-Bataille,2708,0.297,49.883333,1.133333
Aubéguimont,201,0.411,49.8,1.666667
Aubermesnil-Beaumais,458,0.494,49.85,1.116667
Auberville-la-Manuel,120,0.443,49.833333,0.583333
Auberville-la-Renault,466,0.415,49.683333,0.366667
Aumale,2271,0.455,49.766667,1.75
Auppegard,734,0.417,49.833333,1.033333
Authieux-Ratiéville,403,0.451,49.6,1.15
Autigny,311,0.549,49.8,0.866667
Autretot,691,0.381,49.65,0.733333
Auvilliers,119,0.425,49.766667,1.583333
Auzebosc,1097,0.470,49.6,0.733333
Auzouville-Auberbosc,318,0.391,49.633333,0.566667
Auzouville-l'Esneval,363,0.411,49.633333,0.883333
Auzouville-sur-Ry,696,0.521,49.433333,1.316667
Auzouville-sur-Saâne,156,0.558,49.75,0.933333
Avesnes-en-Bray,312,0.430,49.466667,1.666667
Avesnes-en-Val,267,0.573,49.916667,1.4
Avremesnil,1024,0.398,49.85,0.933333
Bacqueville-en-Caux,1895,0.659,49.783333,1
Bailleul-Neuville,197,0.404,49.8,1.416667
Baillolet,108,0.513,49.8,1.433333
Bailly-en-Rivière,526,0.501,49.916667,1.35
Baons-le-Comte,368,0.505,49.65,0.783333
Bardouville,666,0.492,49.433333,0.933333
Barentin,12053,0.316,49.55,0.95
Baromesnil,237,0.268,49.983333,1.416667
Bazinval,408,0.327,49.966667,1.55
Beaubec-la-Rosière,492,0.649,49.65,1.533333
Beaumont-le-Hareng,254,0.602,49.666667,1.216667
Beaurepaire,492,0.504,49.666667,0.216667
Beaussault,415,0.430,49.683333,1.566667
Beauvoir-en-Lyons,633,0.510,49.5,1.583333
Bec-de-Mortagne,685,0.442,49.7,0.45
Belbeuf,1987,0.527,49.4,1.15
Bellencombre,682,0.720,49.7,1.233333
Bellengreville,465,0.517,49.9,1.216667
Belleville-en-Caux,670,0.657,49.7,0.983333
La Bellière,55,0.554,49.6,1.6
Belmesnil,464,0.565,49.766667,1.05
Bénarville,255,0.575,49.666667,0.5
Bénesville,194,0.524,49.75,0.833333
Bennetot,178,0.513,49.666667,0.55
Bénouville,173,0.420,49.716667,0.25
Bermonville,483,0.458,49.633333,0.633333
Bernières,675,0.783,49.616667,0.483333
Bertheauville,113,0.671,49.85,0.65
Bertreville,118,0.566,49.766667,0.583333
Bertreville-Saint-Ouen,358,0.656,49.8,1.05
Bertrimont,227,0.474,49.666667,1
Berville,621,0.606,49.716667,0.833333
Berville-sur-Seine,562,0.613,49.466667,0.9
Beuzeville-la-Grenier,1124,0.527,49.6,0.433333
Beuzeville-la-Guérard,210,0.557,49.716667,0.616667
Beuzevillette,672,0.448,49.566667,0.533333
Bézancourt,345,0.610,49.45,1.633333
Bierville,298,0.390,49.533333,1.266667
Bihorel,8237,0.515,49.466667,1.116667
Biville-la-Baignarde,651,0.286,49.716667,1.05
Biville-la-Rivière,104,0.341,49.783333,0.933333
Blacqueville,664,0.540,49.566667,0.866667
Blainville-Crevon,1210,0.388,49.5,1.3
Blangy-sur-Bresle,2960,0.447,49.933333,1.633333
Bonsecours,6474,0.587,49.433333,1.133333
Blosseville,287,0.312,49.85,0.8
Bois-d'Ennebourg,551,0.349,49.433333,1.25
Bois-Guilbert,303,0.560,49.55,1.416667
Bois-Guillaume,13115,0.636,49.466667,1.133333
Bois-Héroult,192,0.471,49.566667,1.4
Bois-Himont,466,0.312,49.583333,0.7
Bois-l'Évêque,521,0.567,49.45,1.266667
Le Bois-Robert,331,0.378,49.833333,1.15
Bolbec,11719,0.412,49.566667,0.483333
Bolleville,609,0.251,49.6,0.566667
Boos,3418,0.499,49.383333,1.2
Bordeaux-Saint-Clair,664,0.547,49.7,0.25
Bornambusc,262,0.593,49.633333,0.35
Bosc-Bérenger,175,0.501,49.633333,1.25
Bosc-Bordel,446,0.616,49.6,1.416667
Bosc-Édeline,352,0.532,49.566667,1.433333
Bosc-Guérard-Saint-Adrien,900,0.407,49.55,1.116667
Bosc-Hyons,447,0.417,49.45,1.666667
Bosc-le-Hard,1482,0.676,49.633333,1.183333
Bosc-Mesnil,307,0.402,49.666667,1.35
Bosc-Roger-sur-Buchy,735,0.309,49.583333,1.366667
Bosville,573,0.451,49.75,0.683333
Boudeville,210,0.459,49.716667,0.883333
Bouelles,278,0.588,49.716667,1.5
La Bouille,764,0.561,49.35,0.933333
Bourdainville,460,0.493,49.666667,0.95
Le Bourg-Dun,415,0.306,49.866667,0.9
Bourville,298,0.510,49.8,0.816667
Bouville,962,0.688,49.566667,0.9
Brachy,764,0.426,49.816667,0.95
Bracquetuit,342,0.198,49.666667,1.166667
Bradiancourt,231,0.325,49.666667,1.383333
Brametot,185,0.561,49.783333,0.866667
Bréauté,1307,0.761,49.633333,0.4
Brémontier-Merval,475,0.509,49.5,1.616667
Buchy,1443,0.441,49.583333,1.366667
Bully,891,0.480,49.733333,1.366667
Bures-en-Bray,319,0.255,49.783333,1.333333
Butot,286,0.473,49.616667,1.033333
Cailleville,270,0.369,49.833333,0.733333
Cailly,757,0.500,49.583333,1.233333
Campneuseville,477,0.485,49.866667,1.666667
Canehan,342,0.609,49.983333,1.35
Canouville,320,0.491,49.8,0.6
Canteleu,14964,0.568,49.45,1.033333
Canville-les-Deux-Églises,334,0.417,49.766667,0.833333
Cany-Barville,3059,0.549,49.783333,0.633333
Carville-la-Folletière,435,0.646,49.566667,0.816667
Carville-Pot-de-Fer,115,0.473,49.716667,0.716667
Le Catelier,242,0.543,49.75,1.15
Catenay,689,0.739,49.516667,1.333333
Rives-en-Seine,4149,0.631,49.533333,0.733333
Caudebec-lès-Elbeuf,10216,0.467,49.283333,1.033333
Le Caule-Sainte-Beuve,485,0.415,49.766667,1.583333
Cauville-sur-Mer,1472,0.487,49.6,0.133333
Les Cent-Acres,62,0.476,49.766667,1.15
La Cerlangue,1306,0.624,49.5,0.416667
La Chapelle-du-Bourgay,129,0.584,49.816667,1.15
La Chapelle-sur-Dun,175,0.359,49.866667,0.85
La Chaussée,572,0.635,49.833333,1.116667
Cideville,313,0.555,49.616667,0.9
Clais,257,0.386,49.8,1.45
Clasville,303,0.454,49.8,0.616667
Claville-Motteville,286,0.714,49.6,1.2
Cléon,5110,0.443,49.316667,1.033333
Clères,1354,0.251,49.6,1.116667
Cleuville,193,0.530,49.716667,0.633333
Cléville,161,0.372,49.616667,0.616667
Cliponville,274,0.477,49.683333,0.666667
Colleville,762,0.379,49.75,0.466667
Colmesnil-Manneville,108,0.722,49.85,1.033333
Compainville,175,0.534,49.666667,1.566667
Contremoulins,173,0.442,49.733333,0.433333
Cottévrard,453,0.685,49.633333,1.216667
Crasville-la-Mallet,163,0.469,49.8,0.716667
Crasville-la-Rocquefort,219,0.532,49.8,0.866667
Cressy,279,0.591,49.716667,1.166667
Criel-sur-Mer,2729,0.431,50.016667,1.316667
La Crique,358,0.378,49.683333,1.2
Criquebeuf-en-Caux,354,0.458,49.733333,0.333333
Criquetot-le-Mauconduit,178,0.355,49.8,0.566667
Criquetot-l'Esneval,2474,0.434,49.65,0.266667
Criquetot-sur-Longueville,212,0.741,49.783333,1.083333
Criquetot-sur-Ouville,795,0.627,49.683333,0.85
Criquiers,659,0.560,49.683333,1.7
Critot,493,0.495,49.616667,1.25
Croixdalle,263,0.483,49.816667,1.366667
Croix-Mare,787,0.518,49.6,0.85
Cropus,249,0.430,49.733333,1.15
Crosville-sur-Scie,242,0.496,49.816667,1.083333
Cuverville-sur-Yères,205,0.443,49.958333,1.4
Cuy-Saint-Fiacre,649,0.451,49.516667,1.7
Dampierre-Saint-Nicolas,523,0.442,49.866667,1.2
Dancourt,228,0.512,49.9,1.55
Darnétal,9490,0.559,49.45,1.15
Daubeuf-Serville,374,0.479,49.7,0.483333
Dénestanville,253,0.764,49.816667,1.083333
Déville-lès-Rouen,10410,0.471,49.466667,1.033333
Dieppe-1,18728,0.585,49.933333,1.083333
Dieppe-2,11358,0.234,49.933333,1.083333
Doudeville,2534,0.543,49.716667,0.8
Douvrend,517,0.568,49.866667,1.316667
Drosay,193,0.370,49.8,0.733333
Duclair,4174,0.455,49.483333,0.883333
Écalles-Alix,517,0.620,49.616667,0.833333
Écrainville,1036,0.633,49.65,0.333333
Écretteville-lès-Baons,386,0.423,49.633333,0.666667
Écretteville-sur-Mer,160,0.509,49.8,0.483333
Ectot-l'Auber,630,0.483,49.65,0.933333
Ectot-lès-Baons,395,0.391,49.65,0.8
Elbeuf-en-Bray,420,0.470,49.483333,1.65
Elbeuf-sur-Andelle,475,0.558,49.466667,1.4
Elbeuf,16680,0.552,49.283333,1
Életot,629,0.605,49.783333,0.45
Ellecourt,137,0.452,49.8,1.716667
Émanville,672,0.251,49.616667,0.966667
Envermeu,2113,0.612,49.9,1.266667
Envronville,333,0.521,49.666667,0.666667
Épinay-sur-Duclair,538,0.456,49.533333,0.85
Épouville,2767,0.538,49.566667,0.216667
Épretot,708,0.332,49.533333,0.316667
Épreville,1064,0.349,49.7,0.366667
Ermenouville,143,0.342,49.8,0.783333
Ernemont-sur-Buchy,282,0.506,49.533333,1.366667
Esclavelles,376,0.508,49.7,1.383333
Eslettes,1527,0.427,49.55,1.05
Esteville,527,0.529,49.6,1.233333
Estouteville-Écalles,519,0.387,49.583333,1.316667
Étaimpuis,757,0.503,49.65,1.133333
Étainhus,1088,0.434,49.566667,0.316667
Étalleville,452,0.553,49.733333,0.833333
Étalondes,1094,0.487,50.033333,1.383333
Étoutteville,790,0.394,49.666667,0.783333
Étretat,1398,0.331,49.7,0.2
Eu,7140,0.505,50.05,1.416667
Fallencourt,192,0.358,49.866667,1.566667
Fauville-en-Caux,2192,0.531,49.65,0.583333
Fécamp,19344,0.700,49.75,0.366667
Ferrières-en-Bray,1670,0.510,49.483333,1.75
La Ferté-Saint-Samson,470,0.468,49.583333,1.533333
Fesques,128,0.420,49.783333,1.483333
La Feuillie,1310,0.407,49.466667,1.516667
Flamanville,470,0.737,49.633333,0.833333
Flamets-Frétils,172,0.436,49.733333,1.6
Flocques,698,0.651,50.033333,1.366667
Fongueusemare,190,0.478,49.683333,0.3
Fontaine-en-Bray,175,0.331,49.683333,1.416667
Fontaine-la-Mallet,2653,0.496,49.533333,0.15
Fontaine-le-Bourg,1684,0.321,49.566667,1.166667
Fontaine-le-Dun,876,0.555,49.816667,0.85
Fontaine-sous-Préaux,511,0.427,49.483333,1.183333
La Fontelaye,35,0.536,49.683333,0.95
Forges-les-Eaux,3905,0.443,49.616667,1.55
Foucarmont,882,0.414,49.85,1.566667
Foucart,358,0.476,49.616667,0.6
Fréauville,131,0.671,49.833333,1.416667
La Frénaye,2107,0.594,49.525,0.575
Freneuse,896,0.492,49.316667,1.083333
Fresles,239,0.539,49.75,1.35
Fresnay-le-Long,320,0.680,49.65,1.1
Fresne-le-Plan,634,0.501,49.416667,1.3
Fresnoy-Folny,707,0.657,49.883333,1.433333
Freulleville,373,0.448,49.833333,1.233333
Saint Martin de l'If,1679,0.423,49.566667,0.833333
Frichemesnil,420,0.521,49.616667,1.133333
Froberville,1179,0.549,49.716667,0.333333
Fry,167,0.690,49.533333,1.533333
Fultot,195,0.659,49.75,0.8
La Gaillarde,392,0.517,49.833333,0.866667
Gaillefontaine,1241,0.573,49.65,1.616667
Gainneville,2609,0.510,49.516667,0.25
Gancourt-Saint-Étienne,229,0.417,49.55,1.716667
Ganzeville,507,0.592,49.733333,0.416667
Gerponville,392,0.582,49.75,0.566667
Gerville,384,0.671,49.7,0.333333
Goderville,2840,0.501,49.65,0.366667
Gommerville,713,0.674,49.55,0.366667
Gonfreville-Caillot,343,0.634,49.65,0.433333
Gonfreville-l'Orcher,9084,0.556,49.5,0.233333
Gonnetot,193,0.420,49.766667,0.9
Gonneville-la-Mallet,1330,0.548,49.633333,0.216667
Gonneville-sur-Scie,455,0.517,49.75,1.083333
Gonzeville,101,0.628,49.766667,0.816667
Goupillières,418,0.523,49.583333,0.983333
Gournay-en-Bray,6392,0.440,49.483333,1.733333
Gouy,809,0.474,49.35,1.15
Graimbouville,621,0.406,49.583333,0.333333
Grainville-la-Teinturière,1073,0.438,49.75,0.65
Grainville-sur-Ry,439,0.444,49.483333,1.3
Grainville-Ymauville,442,0.418,49.666667,0.416667
Grand-Camp,649,0.631,49.558333,0.591667
Grand-Couronne,9840,0.358,49.35,1
Grandcourt,362,0.500,49.916667,1.5
Les Grandes-Ventes,1807,0.260,49.783333,1.233333
Le Grand-Quevilly,25273,0.425,49.416667,1.033333
Graval,162,0.407,49.733333,1.55
Grèges,799,0.435,49.916667,1.15
Grémonville,421,0.496,49.666667,0.833333
Greuville,375,0.371,49.816667,0.916667
Grigneuseville,351,0.516,49.65,1.183333
Gruchet-le-Valasse,3113,0.490,49.55,0.483333
Gruchet-Saint-Siméon,699,0.376,49.816667,0.9
Grugny,955,0.586,49.616667,1.116667
Grumesnil,462,0.377,49.616667,1.683333
Guerville,473,0.520,49.966667,1.516667
Gueures,552,0.506,49.833333,0.966667
Gueutteville,84,0.571,49.65,1
La Hallotière,219,0.658,49.516667,1.466667
Le Hanouard,253,0.596,49.733333,0.666667
Harcanville,511,0.554,49.716667,0.716667
Harfleur,8242,0.487,49.5,0.2
Hattenville,698,0.509,49.65,0.533333
Haucourt,240,0.415,49.633333,1.666667
Haudricourt,450,0.447,49.733333,1.7
Haussez,271,0.295,49.583333,1.666667
Hautot-l'Auvray,358,0.519,49.766667,0.75
Hautot-le-Vatois,322,0.561,49.65,0.683333
Hautot-Saint-Sulpice,648,0.484,49.683333,0.75
Hautot-sur-Mer,1959,0.389,49.9,1.033333
Hautot-sur-Seine,408,0.668,49.366667,0.983333
Le Havre-1,38059,0.401,49.5,0.133333
Le Havre-2,10919,0.721,49.5,0.133333
Le Havre-3,24228,0.606,49.5,0.133333
Le Havre-4,36483,0.619,49.5,0.133333
Le Havre-5,32978,0.535,49.5,0.133333
Le Havre-6,30140,0.411,49.5,0.133333
Héberville,108,0.444,49.766667,0.8
Hénouville,1220,0.606,49.483333,0.966667
Héricourt-en-Caux,948,0.561,49.7,0.7
Hermanville,114,0.510,49.816667,0.983333
Hermeville,368,0.422,49.6,0.266667
Le Héron,254,0.542,49.483333,1.4
Héronchelles,131,0.526,49.533333,1.383333
Heugleville-sur-Scie,622,0.453,49.733333,1.1
Heurteauville,327,0.335,49.45,0.816667
Hodeng-au-Bosc,568,0.606,49.866667,1.716667
Hodeng-Hodenger,280,0.388,49.533333,1.566667
Houdetot,170,0.432,49.816667,0.8
Le Houlme,4047,0.489,49.516667,1.033333
Houppeville,2664,0.512,49.516667,1.083333
Houquetot,365,0.758,49.608333,0.391667
Hugleville-en-Caux,428,0.444,49.633333,0.983333
Les Ifs,72,0.361,49.883333,1.4
Illois,387,0.638,49.75,1.65
Imbleville,327,0.605,49.716667,0.95
Incheville,1286,0.521,50.016667,1.5
Ingouville,251,0.290,49.833333,0.683333
Isneauville,2698,0.776,49.5,1.15
Jumièges,1778,0.473,49.433333,0.816667
Lamberville,184,0.515,49.766667,1
Lammerville,337,0.486,49.8,0.983333
Lanquetot,1114,0.497,49.583333,0.533333
Lestanville,94,0.407,49.75,0.966667
Lillebonne,9018,0.569,49.516667,0.55
Limésy,1480,0.409,49.616667,0.933333
Limpiville,351,0.326,49.683333,0.5
Lindebeuf,395,0.581,49.7,0.916667
Lintot,441,0.537,49.566667,0.566667
Lintot-les-Bois,185,0.533,49.8,1.066667
Les Loges,1194,0.484,49.7,0.283333
La Londe,2304,0.510,49.3,0.966667
Londinières,1306,0.451,49.833333,1.4
Longmesnil,55,0.468,49.616667,1.616667
Longroy,642,0.417,49.983333,1.533333
Longueil,576,0.269,49.883333,0.966667
Longuerue,314,0.502,49.55,1.3
Longueville-sur-Scie,975,0.436,49.8,1.1
Lucy,174,0.640,49.783333,1.45
Luneray,2166,0.566,49.833333,0.916667
Arelaune-en-Seine,2551,0.506,49.483333,0.766667
Malaunay,5902,0.377,49.533333,1.033333
Malleville-les-Grès,161,0.519,49.833333,0.6
Manéglise,1272,0.476,49.566667,0.25
Manéhouville,218,0.379,49.833333,1.083333
Maniquerville,390,0.473,49.7,0.333333
Manneville-ès-Plains,269,0.356,49.85,0.75
Manneville-la-Goupil,1026,0.378,49.616667,0.35
Mannevillette,789,0.484,49.6,0.183333
Maromme,11088,0.455,49.466667,1.033333
Marques,217,0.583,49.783333,1.7
Martainville-Épreville,713,0.679,49.466667,1.283333
Martigny,453,0.458,49.866667,1.15
Martin-Église,1542,0.433,49.9,1.15
Massy,353,0.585,49.683333,1.4
Mathonville,311,0.455,49.616667,1.383333
Maucomble,404,0.576,49.683333,1.333333
Mauny,166,0.572,49.383333,0.883333
Mauquenchy,348,0.502,49.6,1.466667
Mélamare,836,0.647,49.533333,0.45
Melleville,264,0.662,49.95,1.466667
Ménerval,185,0.461,49.566667,1.666667
Ménonval,208,0.576,49.766667,1.5
Mentheville,288,0.563,49.7,0.416667
Mésangueville,174,0.324,49.55,1.566667
Mesnières-en-Bray,1029,0.537,49.766667,1.383333
Le Mesnil-Durdent,18,0.695,49.816667,0.766667
Le Mesnil-Esnard,7917,0.481,49.416667,1.15
Mesnil-Follemprise,133,0.440,49.783333,1.3
Le Mesnil-Lieubray,102,0.416,49.5,1.516667
Mesnil-Mauger,242,0.600,49.666667,1.516667
Mesnil-Panneville,687,0.610,49.583333,0.9
Mesnil-Raoul,939,0.706,49.4,1.266667
Le Mesnil-Réaume,741,0.610,49.966667,1.45
Le Mesnil-sous-Jumièges,638,0.649,49.416667,0.866667
Meulers,602,0.299,49.85,1.216667
Millebosc,257,0.727,49.966667,1.5
Mirville,330,0.576,49.616667,0.45
Monchaux-Soreng,649,0.583,49.95,1.583333
Monchy-sur-Eu,590,0.614,50,1.45
Mont-Cauvaire,637,0.620,49.566667,1.116667
Montérolier,588,0.441,49.633333,1.35
Montigny,1109,0.709,49.466667,1
Montivilliers,16131,0.449,49.55,0.2
Montmain,1401,0.494,49.416667,1.25
Montreuil-en-Caux,532,0.539,49.683333,1.15
Mont-Saint-Aignan,19326,0.522,49.466667,1.083333
Morgny-la-Pommeraye,996,0.539,49.516667,1.25
Mortemer,86,0.576,49.75,1.55
Morville-sur-Andelle,323,0.412,49.483333,1.433333
Motteville,791,0.552,49.633333,0.85
Moulineaux,963,0.515,49.35,0.966667
Muchedent,129,0.595,49.766667,1.183333
Nesle-Hodeng,349,0.675,49.7,1.5
Nesle-Normandeuse,591,0.549,49.916667,1.666667
Neufchâtel-en-Bray,4761,0.633,49.733333,1.45
Neuville-Ferrières,591,0.378,49.716667,1.466667
Néville,1238,0.406,49.816667,0.716667
Nointot,1375,0.466,49.6,0.483333
Nolléval,445,0.494,49.5,1.483333
Normanville,686,0.406,49.7,0.6
Norville,923,0.571,49.466667,0.633333
Notre-Dame-d'Aliermont,735,0.285,49.85,1.283333
Notre-Dame-de-Bliquetuit,742,0.553,49.5,0.766667
Notre-Dame-de-Bondeville,7083,0.570,49.483333,1.05
Port-Jérôme-sur-Seine,9704,0.539,49.483333,0.583333
Notre-Dame-du-Bec,452,0.482,49.6,0.216667
Notre-Dame-du-Parc,153,0.459,49.75,1.133333
Nullemont,138,0.418,49.766667,1.633333
Ocqueville,448,0.655,49.8,0.683333
Octeville-sur-Mer,5791,0.430,49.55,0.116667
Offranville,3138,0.359,49.866667,1.05
Oherville,230,0.508,49.733333,0.683333
Oissel,11366,0.521,49.333333,1.1
Omonville,268,0.374,49.8,1.05
Orival,954,0.514,49.3,0.983333
Osmoy-Saint-Valery,355,0.379,49.8,1.316667
Ouainville,512,0.480,49.783333,0.583333
Oudalle,441,0.373,49.5,0.3
Ourville-en-Caux,1108,0.701,49.733333,0.6
Ouville-l'Abbaye,655,0.630,49.7,0.866667
Ouville-la-Rivière,518,0.538,49.866667,0.966667
Paluel,454,0.402,49.833333,0.633333
Parc-d'Anxtot,582,0.491,49.583333,0.383333
Pavilly,6308,0.481,49.566667,0.966667
Le Petit-Quevilly,22903,0.711,49.433333,1.033333
Petiville,1120,0.669,49.466667,0.583333
Pierrecourt,474,0.418,49.9,1.666667
Pierrefiques,139,0.701,49.683333,0.233333
Pierreval,492,0.460,49.55,1.25
Pissy-Pôville,1226,0.356,49.533333,1
Pleine-Sève,143,0.466,49.816667,0.75
Pommereux,99,0.475,49.6,1.616667
Pommeréval,432,0.380,49.733333,1.316667
Ponts-et-Marais,776,0.376,50.05,1.45
La Poterie-Cap-d'Antifer,446,0.759,49.666667,0.183333
Préaux,1782,0.547,49.483333,1.216667
Prétot-Vicquemare,198,0.412,49.733333,0.85
Preuseville,123,0.536,49.866667,1.516667
Puisenval,28,0.649,49.883333,1.466667
Quevillon,599,0.477,49.416667,0.95
Quévreville-la-Poterie,962,0.362,49.35,1.2
Quiberville,549,0.518,49.9,0.916667
Quièvrecourt,456,0.289,49.733333,1.416667
Quincampoix,2966,0.458,49.533333,1.183333
Raffetot,502,0.382,49.6,0.516667
Rainfreville,78,0.480,49.783333,0.933333
Réalcamp,673,0.595,49.85,1.633333
Rebets,144,0.474,49.5,1.383333
La Remuée,1302,0.437,49.533333,0.4
Rétonval,197,0.491,49.816667,1.6
Reuville,128,0.540,49.75,0.866667
Ricarville,322,0.566,49.633333,0.6
Ricarville-du-Val,165,0.428,49.816667,1.283333
Richemont,482,0.525,49.8,1.65
Rieux,651,0.657,49.933333,1.583333
Riville,316,0.455,49.733333,0.566667
Robertot,200,0.379,49.716667,0.7
Rocquefort,311,0.552,49.666667,0.7
Rocquemont,820,0.408,49.6,1.283333
Rogerville,1231,0.424,49.5,0.266667
Rolleville,1149,0.555,49.583333,0.216667
Roncherolles-en-Bray,484,0.548,49.616667,1.466667
Ronchois,163,0.346,49.716667,1.633333
Rosay,273,0.255,49.7,1.25
Rouen-1,38359,0.455,49.433333,1.083333
Rouen-2,35378,0.560,49.433333,1.083333
Rouen-3,36881,0.839,49.433333,1.083333
Roumare,1422,0.399,49.516667,0.966667
Routes,253,0.582,49.733333,0.75
Rouvray-Catillon,229,0.369,49.566667,1.483333
Rouxmesnil-Bouteilles,1896,0.404,49.9,1.083333
Royville,271,0.469,49.783333,0.95
La Rue-Saint-Pierre,792,0.453,49.566667,1.25
Ry,745,0.575,49.483333,1.35
Saâne-Saint-Just,158,0.557,49.766667,0.933333
Sahurs,1270,0.538,49.35,0.933333
Sainneville,851,0.687,49.55,0.283333
Sainte-Adresse,7368,0.581,49.5,0.083333
Sainte-Agathe-d'Aliermont,312,0.576,49.833333,1.316667
Saint-Aignan-sur-Ry,332,0.519,49.5,1.35
Saint-André-sur-Cailly,857,0.725,49.55,1.216667
Saint-Antoine-la-Forêt,1031,0.250,49.533333,0.466667
Saint-Arnoult,1303,0.380,49.533333,0.666667
Saint-Aubin-Celloville,946,0.432,49.366667,1.166667
Saint-Aubin-de-Crétot,578,0.407,49.566667,0.633333
Saint-Aubin-Épinay,1037,0.588,49.416667,1.166667
Saint-Aubin-lès-Elbeuf,8173,0.410,49.3,1.016667
Saint-Aubin-le-Cauf,893,0.549,49.866667,1.183333
Saint-Aubin-Routot,1896,0.619,49.516667,0.333333
Saint-Aubin-sur-Mer,215,0.593,49.883333,0.883333
Saint-Aubin-sur-Scie,1099,0.475,49.866667,1.066667
Sainte-Austreberthe,617,0.447,49.6,0.966667
Sainte-Beuve-en-Rivière,179,0.523,49.766667,1.533333
Saint-Clair-sur-les-Monts,619,0.280,49.6,0.8
Sainte-Colombe,207,0.353,49.8,0.766667
Saint-Crespin,290,0.431,49.783333,1.116667
Sainte-Croix-sur-Buchy,688,0.404,49.566667,1.35
Saint-Denis-d'Aclon,136,0.520,49.866667,0.95
Saint-Denis-le-Thiboult,514,0.519,49.466667,1.366667
Saint-Denis-sur-Scie,663,0.354,49.716667,1.1
Saint-Étienne-du-Rouvray,28752,0.438,49.383333,1.1
Saint-Eustache-la-Forêt,1045,0.534,49.55,0.466667
Sainte-Foy,572,0.644,49.8,1.133333
Saint-Georges-sur-Fontaine,914,0.680,49.55,1.183333
Saint-Germain-des-Essourts,403,0.333,49.533333,1.316667
Saint-Germain-d'Étables,269,0.284,49.833333,1.183333
Saint-Germain-sous-Cailly,346,0.499,49.583333,1.216667
Saint-Germain-sur-Eaulne,185,0.347,49.766667,1.516667
Saint-Gilles-de-Crétot,433,0.515,49.566667,0.65
Saint-Gilles-de-la-Neuville,681,0.691,49.566667,0.383333
Sainte-Hélène-Bondeville,687,0.410,49.766667,0.466667
Saint-Hellier,448,0.420,49.733333,1.183333
Saint-Honoré,190,0.490,49.783333,1.15
Saint-Jacques-d'Aliermont,361,0.514,49.85,1.266667
Saint-Jacques-sur-Darnétal,2562,0.469,49.433333,1.2
Saint-Jean-de-Folleville,831,0.531,49.516667,0.5
Saint-Jean-de-la-Neuville,542,0.444,49.583333,0.416667
Saint-Jean-du-Cardonnay,1365,0.597,49.5,1.016667
Saint-Jouin-Bruneval,1884,0.476,49.65,0.166667
Saint-Laurent-de-Brèvedent,1430,0.541,49.533333,0.25
Saint-Laurent-en-Caux,768,0.597,49.75,0.883333
Saint-Léger-aux-Bois,510,0.428,49.833333,1.616667
Saint-Léger-du-Bourg-Denis,3439,0.418,49.433333,1.15
Saint-Léonard,1783,0.449,49.75,0.366667
Saint-Maclou-de-Folleville,653,0.510,49.683333,1.1
Saint-Maclou-la-Brière,493,0.315,49.65,0.466667
Saint-Mards,201,0.359,49.766667,1.016667
Morienne,175,0.694,49.783333,1.716667
Sainte-Marguerite-sur-Fauville,278,0.752,49.666667,0.6
Sainte-Marguerite-sur-Duclair,1951,0.495,49.516667,0.85
Sainte-Marie-au-Bosc,362,0.588,49.666667,0.2
Sainte-Marie-des-Champs,1511,0.534,49.616667,0.783333
Saint-Martin-aux-Arbres,326,0.687,49.65,0.883333
Saint-Martin-au-Bosc,232,0.567,49.833333,1.666667
Saint-Martin-aux-Buneaux,668,0.540,49.833333,0.55
Saint-Martin-de-Boscherville,1499,0.560,49.45,0.966667
Saint-Martin-du-Bec,577,0.568,49.6,0.2
Saint-Martin-du-Manoir,1533,0.455,49.533333,0.233333
Saint-Martin-du-Vivier,1680,0.561,49.466667,1.166667
Petit-Caux,9288,0.239,49.95,1.233333
Saint-Martin-le-Gaillard,293,0.551,49.983333,1.366667
Saint-Martin-l'Hortier,273,0.599,49.75,1.4
Saint-Maurice-d'Ételan,309,0.472,49.466667,0.616667
Saint-Nicolas-d'Aliermont,3634,0.542,49.883333,1.216667
Saint-Nicolas-de-la-Haie,406,0.595,49.55,0.616667
Saint-Nicolas-de-la-Taille,1448,0.457,49.516667,0.466667
Saint-Ouen-du-Breuil,774,0.422,49.633333,1.016667
Saint-Ouen-le-Mauger,292,0.429,49.766667,0.966667
Saint-Ouen-sous-Bailly,220,0.510,49.9,1.3
Saint-Paër,1353,0.547,49.516667,0.883333
Saint-Pierre-Bénouville,353,0.420,49.75,0.966667
Saint-Pierre-de-Manneville,843,0.555,49.4,0.933333
Saint-Pierre-des-Jonquières,86,0.448,49.85,1.45
Saint-Pierre-de-Varengeville,2294,0.503,49.5,0.933333
Saint-Pierre-en-Port,854,0.383,49.8,0.483333
Saint-Pierre-en-Val,1114,0.497,50.016667,1.45
Saint-Pierre-Lavis,254,0.384,49.666667,0.633333
Saint-Pierre-lès-Elbeuf,8304,0.441,49.266667,1.05
Saint-Pierre-le-Vieux,193,0.537,49.85,0.866667
Saint-Pierre-le-Viger,259,0.259,49.816667,0.85
Saint-Rémy-Boscrocourt,797,0.623,50.016667,1.4
Saint-Riquier-en-Rivière,162,0.431,49.883333,1.566667
Saint-Riquier-ès-Plains,590,0.439,49.816667,0.666667
Saint-Romain-de-Colbosc,4012,0.434,49.533333,0.366667
Saint-Saëns,2569,0.537,49.666667,1.283333
Saint-Saire,649,0.481,49.7,1.5
Saint-Sauveur-d'Émalleville,1188,0.509,49.6,0.3
Saint-Sylvain,182,0.474,49.85,0.666667
Saint-Vaast-d'Équiqueville,728,0.329,49.816667,1.266667
Saint-Vaast-Dieppedalle,352,0.581,49.75,0.716667
Saint-Vaast-du-Val,474,0.505,49.683333,1.016667
Saint-Valery-en-Caux,4230,0.496,49.866667,0.733333
Saint-Victor-l'Abbaye,769,0.347,49.666667,1.116667
Saint-Vigor-d'Ymonville,1090,0.586,49.5,0.366667
Saint-Vincent-Cramesnil,629,0.538,49.5,0.366667
Sandouville,796,0.477,49.5,0.316667
Sassetot-le-Malgardé,114,0.502,49.766667,0.9
Sasseville,271,0.658,49.783333,0.683333
Sauchay,409,0.450,49.933333,1.2
Saumont-la-Poterie,409,0.592,49.583333,1.616667
Sauqueville,384,0.457,49.85,1.066667
Saussay,379,0.520,49.633333,0.933333
Senneville-sur-Fécamp,833,0.351,49.766667,0.416667
Sept-Meules,175,0.515,49.95,1.416667
Serqueux,1012,0.465,49.633333,1.55
Servaville-Salmonville,1096,0.491,49.483333,1.266667
Sévis,397,0.600,49.7,1.166667
Sierville,1000,0.464,49.583333,1.033333
Sigy-en-Bray,754,0.342,49.55,1.5
Smermesnil,413,0.504,49.833333,1.483333
Sommery,834,0.524,49.633333,1.433333
Sommesnil,95,0.415,49.716667,0.666667
Sorquainville,184,0.471,49.7,0.55
Sotteville-lès-Rouen,28910,0.637,49.416667,1.1
Sotteville-sous-le-Val,794,0.519,49.316667,1.133333
Sotteville-sur-Mer,368,0.610,49.883333,0.833333
Tancarville,1325,0.550,49.483333,0.466667
Thérouldeville,669,0.456,49.766667,0.516667
Theuville-aux-Maillots,535,0.614,49.766667,0.55
Thiergeville,406,0.602,49.716667,0.516667
Thiétreville,387,0.502,49.716667,0.516667
Thil-Manneville,585,0.432,49.833333,0.983333
Le Thil-Riberpré,224,0.682,49.65,1.583333
Thiouville,299,0.524,49.7,0.616667
Le Tilleul,700,0.365,49.683333,0.2
Tocqueville-en-Caux,117,0.416,49.783333,0.9
Tocqueville-les-Murs,298,0.398,49.666667,0.5
Torcy-le-Grand,744,0.574,49.8,1.183333
Torcy-le-Petit,500,0.584,49.816667,1.183333
Le Torp-Mesnil,388,0.543,49.716667,0.9
Tôtes,1546,0.539,49.683333,1.05
Touffreville-la-Corbeline,805,0.359,49.583333,0.766667
Touffreville-sur-Eu,204,0.646,50,1.316667
Tourville-la-Rivière,2474,0.602,49.333333,1.1
Tourville-les-Ifs,535,0.490,49.716667,0.4
Tourville-sur-Arques,1246,0.553,49.85,1.1
Toussaint,753,0.595,49.733333,0.433333
Le Trait,5200,0.544,49.466667,0.816667
Trémauville,104,0.507,49.666667,0.516667
Le Tréport,5025,0.504,50.066667,1.366667
La Trinité-du-Mont,798,0.385,49.55,0.55
Les Trois-Pierres,732,0.530,49.55,0.416667
Turretot,1505,0.629,49.616667,0.233333
Val-de-la-Haye,694,0.457,49.383333,1
Valliquerville,1362,0.554,49.616667,0.683333
Valmont,876,0.372,49.733333,0.516667
Varengeville-sur-Mer,995,0.503,49.916667,0.983333
Varneville-Bretteville,311,0.560,49.65,1.05
Vatierville,124,0.491,49.783333,1.5
Vattetot-sous-Beaumont,590,0.399,49.633333,0.45
Vattetot-sur-Mer,336,0.520,49.733333,0.283333
La Vaupalière,943,0.781,49.483333,1.016667
Veauville-lès-Baons,752,0.394,49.65,0.766667
Vénestanville,186,0.564,49.8,0.9
Ventes-Saint-Rémy,226,0.532,49.7,1.3
Vergetot,436,0.496,49.616667,0.283333
Veules-les-Roses,576,0.465,49.866667,0.8
Veulettes-sur-Mer,290,0.589,49.85,0.6
Vibeuf,637,0.505,49.7,0.9
Vieux-Manoir,722,0.527,49.566667,1.3
Vieux-Rouen-sur-Bresle,611,0.406,49.833333,1.716667
La Vieux-Rue,567,0.547,49.5,1.25
Villainville,331,0.473,49.65,0.25
Villers-Écalles,1784,0.628,49.533333,0.916667
Villers-sous-Foucarmont,197,0.415,49.833333,1.566667
Villy-sur-Yères,197,0.448,49.933333,1.45
Vinnemerville,218,0.440,49.8,0.533333
Virville,362,0.731,49.583333,0.35
Vittefleur,626,0.492,49.816667,0.65
Wanchy-Capval,352,0.419,49.85,1.366667
Yainville,1070,0.456,49.45,0.833333
Yébleron,1358,0.375,49.633333,0.533333
Yerville,2451,0.379,49.666667,0.9
Ymare,1168,0.531,49.35,1.183333
Yport,845,0.462,49.733333,0.316667
Ypreville-Biville,577,0.167,49.7,0.533333
Yquebeuf,248,0.503,49.6,1.25
Yvecrique,661,0.506,49.683333,0.816667
Yvetot,11991,0.323,49.616667,0.766667
Yville-sur-Seine,475,0.648,49.4,0.883333
